Workbook
Name dd_status: 'Lists'!$A$2:$A$7
Name dd_accuracy: 'Lists'!$B$2:$B$6
Name dd_category: 'Lists'!$C$2:$C$7
Name dd_call_result: 'Lists'!$D$2:$D$5
Name dd_language: 'Lists'!$E$2:$E$7
Name dd_call: 'Lists'!$F$2:$F$4
Name dd_priority: 'Lists'!$G$2:$G$5
Name dd_heard: 'Lists'!$H$2:$H$4

Sheet Cover
A1: Palabra × Twilio · Voice Translation POC
A2: QA test pack · outbound Connect/Stream · agent EN → client HI · client HI → agent EN
A5: How to use this workbook
A7: 1 | B7: Open Test Cases and work top to bottom. Category, priority, accuracy and Pass/Fail are dropdowns.
A8: 2 | B8: Record three live calls on 3 Test Calls. Use the language-pair dropdown (lab default is English ↔ Hindi).
A9: 3 | B9: Paste the actual Palabra output on Critical Phrases and score accuracy 1–5.
A10: 4 | B10: Dashboard updates automatically from Pass/Fail. Do not edit formula cells on Dashboard.
A11: 5 | B11: Keep the Lists sheet hidden — it feeds every dropdown. Edit it only to add new options.
A14: Legend
A16: Not Run | B16: In Progress | C16: Pass | D16: Fail | E16: Blocked | F16: N/A
A18: Lab default · agent en→hi · client hi→en · formatted 2026-08-18

Sheet Dashboard
A1: Execution dashboard
A2: Live counts from Test Cases · do not type in the metric cells
A4: Metric | B4: Value | D4: Category | E4: Pass | F4: Fail | G4: Not Run | H4: Other
A5: Total cases | B5: =COUNTA('Test Cases'!A5:A38) | D5: Basic Connectivity | E5: =COUNTIFS('Test Cases'!B5:B38,D5,'Test Cases'!J5:J38,"Pass") | F5: =COUNTIFS('Test Cases'!B5:B38,D5,'Test Cases'!J5:J38,"Fail") | G5: =COUNTIFS('Test Cases'!B5:B38,D5,'Test Cases'!J5:J38,"Not Run") | H5: =COUNTIF('Test Cases'!B5:B38,D5)-E5-F5-G5
A6: Pass | B6: =COUNTIF('Test Cases'!J5:J38,"Pass") | D6: Translation Quality | E6: =COUNTIFS('Test Cases'!B5:B38,D6,'Test Cases'!J5:J38,"Pass") | F6: =COUNTIFS('Test Cases'!B5:B38,D6,'Test Cases'!J5:J38,"Fail") | G6: =COUNTIFS('Test Cases'!B5:B38,D6,'Test Cases'!J5:J38,"Not Run") | H6: =COUNTIF('Test Cases'!B5:B38,D6)-E6-F6-G6
A7: Fail | B7: =COUNTIF('Test Cases'!J5:J38,"Fail") | D7: Conversation | E7: =COUNTIFS('Test Cases'!B5:B38,D7,'Test Cases'!J5:J38,"Pass") | F7: =COUNTIFS('Test Cases'!B5:B38,D7,'Test Cases'!J5:J38,"Fail") | G7: =COUNTIFS('Test Cases'!B5:B38,D7,'Test Cases'!J5:J38,"Not Run") | H7: =COUNTIF('Test Cases'!B5:B38,D7)-E7-F7-G7
A8: Blocked | B8: =COUNTIF('Test Cases'!J5:J38,"Blocked") | D8: Failure Handling | E8: =COUNTIFS('Test Cases'!B5:B38,D8,'Test Cases'!J5:J38,"Pass") | F8: =COUNTIFS('Test Cases'!B5:B38,D8,'Test Cases'!J5:J38,"Fail") | G8: =COUNTIFS('Test Cases'!B5:B38,D8,'Test Cases'!J5:J38,"Not Run") | H8: =COUNTIF('Test Cases'!B5:B38,D8)-E8-F8-G8
A9: In Progress | B9: =COUNTIF('Test Cases'!J5:J38,"In Progress") | D9: Performance | E9: =COUNTIFS('Test Cases'!B5:B38,D9,'Test Cases'!J5:J38,"Pass") | F9: =COUNTIFS('Test Cases'!B5:B38,D9,'Test Cases'!J5:J38,"Fail") | G9: =COUNTIFS('Test Cases'!B5:B38,D9,'Test Cases'!J5:J38,"Not Run") | H9: =COUNTIF('Test Cases'!B5:B38,D9)-E9-F9-G9
A10: Not Run | B10: =COUNTIF('Test Cases'!J5:J38,"Not Run") | D10: Audio | E10: =COUNTIFS('Test Cases'!B5:B38,D10,'Test Cases'!J5:J38,"Pass") | F10: =COUNTIFS('Test Cases'!B5:B38,D10,'Test Cases'!J5:J38,"Fail") | G10: =COUNTIFS('Test Cases'!B5:B38,D10,'Test Cases'!J5:J38,"Not Run") | H10: =COUNTIF('Test Cases'!B5:B38,D10)-E10-F10-G10
A11: Pass rate | B11: =IF((B6+B7)=0,"—",B6/(B6+B7))
A12: Avg accuracy | B12: =IF(COUNT('Test Cases'!I5:I38)=0,"—",AVERAGE('Test Cases'!I5:I38))
A14: Critical phrases pass rate
A15: =IF(COUNTA('Critical Phrases'!E5:E14)=0,"—",COUNTIF('Critical Phrases'!E5:E14,"Pass")/COUNTA('Critical Phrases'!E5:E14))
A16: Live calls passed
A17: =COUNTIF('3 Test Calls'!G5:G7,"Pass")&" / 3"

Sheet Lists
A1: Pass/Fail | B1: Accuracy | C1: Category | D1: Call Result | E1: Language Pair | F1: Call ID | G1: Priority | H1: Heard
A2: Not Run | B2: 1 | C2: Basic Connectivity | D2: Not Run | E2: English → Hindi | F2: Call 1 | G2: P0 – Blocker | H2: Pass
A3: In Progress | B3: 2 | C3: Translation Quality | D3: Pass | E3: Hindi → English | F3: Call 2 | G3: P1 – High | H3: Fail
A4: Pass | B4: 3 | C4: Conversation | D4: Fail | E4: Two-way (EN ↔ HI) | F4: Call 3 | G4: P2 – Medium | H4: Not Run
A5: Fail | B5: 4 | C5: Failure Handling | D5: Partial | E5: English → German | G5: P3 – Low
A6: Blocked | B6: 5 | C6: Performance | E6: German → English
A7: N/A | C7: Audio | E7: Realistic CX/Ops

Sheet Test Cases
A1: Test Cases
A2: Execute against the Palabra + Twilio lab · mark Pass/Fail from the dropdown · accuracy is 1 (poor) to 5 (excellent)
A4: Test Case ID | B4: Category | C4: Priority | D4: Test Case | E4: Steps | F4: Expected Result | G4: Actual Result | H4: Latency (sec) | I4: Accuracy (1–5) | J4: Pass/Fail | K4: Tester | L4: Date | M4: Notes
A5: TC-01 | B5: Basic Connectivity | C5: P0 – Blocker | D5: Twilio → Palabra connection | E5: Make a sandbox Twilio call and connect it to Palabra | F5: Call connects and Palabra receives audio | J5: Not Run
A6: TC-02 | B6: Basic Connectivity | C6: P0 – Blocker | D6: Translated audio returned | E6: Speak in Language A while recipient uses Language B | F6: Translated speech is played to recipient | J6: Not Run
A7: TC-03 | B7: Basic Connectivity | C7: P0 – Blocker | D7: Two-way translation | E7: Test A → B and B → A during the same call | F7: Both directions translate correctly | J7: Not Run
A8: TC-04 | B8: Basic Connectivity | C8: P1 – High | D8: Call establishment | E8: Make 3 consecutive sandbox calls | F8: All calls establish successfully | J8: Not Run
A9: TC-05 | B9: Basic Connectivity | C9: P1 – High | D9: Call termination | E9: End call from caller and receiver side | F9: Twilio and Palabra sessions terminate cleanly | J9: Not Run
A10: TC-06 | B10: Basic Connectivity | C10: P1 – High | D10: WebSocket reconnection | E10: Interrupt Palabra WebSocket during a call | F10: Reconnects or fails gracefully | J10: Not Run
A11: TC-07 | B11: Translation Quality | C11: P1 – High | D11: Simple sentence | E11: Test a simple greeting/question | F11: Meaning is preserved | J11: Not Run
A12: TC-08 | B12: Translation Quality | C12: P0 – Blocker | D12: Blys terminology | E12: Test booking-related sentence | F12: Booking terminology is translated correctly | J12: Not Run
A13: TC-09 | B13: Translation Quality | C13: P1 – High | D13: Names | E13: Use client/provider names | F13: Names are preserved correctly | J13: Not Run
A14: TC-10 | B14: Translation Quality | C14: P1 – High | D14: Numbers and currency | E14: Test amounts such as 150 dollars | F14: Number and currency are preserved | J14: Not Run
A15: TC-11 | B15: Translation Quality | C15: P1 – High | D15: Date and time | E15: Test appointment date/time | F15: Date and time are preserved | J15: Not Run
A16: TC-12 | B16: Translation Quality | C16: P1 – High | D16: Address | E16: Test a realistic address | F16: Address remains understandable/correct | J16: Not Run
... A38: TC-34 | B38: Audio | C38: P1 – High | D38: Audio format handling | E38: Send expected Twilio audio format through bridge | F38: Audio is accepted and translated correctly | J38: Not Run

Sheet 3 Test Calls
A1: Three live test calls
A2: Fill one row per sandbox call · latency from [latency] Palabra logs (palabraMs / e2eMs)
A4: Call | B4: Language / Scenario | C4: First Audio Latency (sec) | D4: Typical Latency (sec) | E4: Translation Quality (1–5) | F4: Audio Quality (1–5) | G4: Overall Result | H4: Agent heard client? | I4: Client heard agent? | J4: Notes
A5: Call 1 | B5: English → Hindi | G5: Not Run | H5: Not Run | I5: Not Run
A6: Call 2 | B6: Hindi → English | G6: Not Run | H6: Not Run | I6: Not Run
A7: Call 3 | B7: Two-way (EN ↔ HI) | G7: Not Run | H7: Not Run | I7: Not Run | J7: Realistic CX/Ops booking conversation

Sheet Critical Phrases
A1: Critical phrases
A2: Speak each phrase on the agent (EN) · paste what Palabra produced · score meaning, names, numbers and negation
A4: Scenario | B4: Test Phrase (English) | C4: Actual Translation | D4: Accuracy (1–5) | E4: Pass/Fail | F4: Call | G4: Notes
A5: Booking confirmation | B5: Your booking is confirmed for tomorrow at 10 AM. | E5: Not Run
A6: Cancellation | B6: I need to cancel the booking. | E6: Not Run
A7: No cancellation | B7: I don't want to cancel the booking. | E7: Not Run
A8: Reschedule | B8: I need to reschedule my appointment. | E8: Not Run
A9: Date/time | B9: The appointment is on August 20 at 3:30 PM. | E9: Not Run
A10: Price | B10: The booking costs 150 dollars. | E10: Not Run
A11: Address | B11: The appointment is at 25 George Street, Sydney. | E11: Not Run
A12: Provider | B12: The provider will arrive at 10 AM. | E12: Not Run
A13: Client | B13: The client has confirmed the appointment. | E13: Not Run
A14: Question | B14: Can you confirm the booking time? | E14: Not Run
